{
  "endogenous": {
    "GM12878": {
      "3mer_jsd_vs_endogenous": 0.0,
      "cell_type": "GM12878",
      "cpg_mean": 2.5421122994652405,
      "duplicate_rate": 0.0,
      "gc_mean": 0.45256684491978605,
      "gc_sd": 0.06914948140863315,
      "group": "endogenous",
      "motif_ATGCAA": 0.08480949197860962,
      "motif_GAAA": 0.7935327540106952,
      "motif_GGAA": 0.6654411764705882,
      "motif_TTTGCAT": 0.053643048128342245,
      "n": 11968,
      "novelty_vs_endogenous": 0.0,
      "novelty_vs_pretrained": 1.0,
      "unique": 11968
    },
    "HepG2": {
      "3mer_jsd_vs_endogenous": 0.0,
      "cell_type": "HepG2",
      "cpg_mean": 2.518215240641711,
      "duplicate_rate": 0.0,
      "gc_mean": 0.46185745320855615,
      "gc_sd": 0.08138189049289986,
      "group": "endogenous",
      "motif_AGGTCA": 0.14572192513368984,
      "motif_GTTTG": 0.28851938502673796,
      "motif_TGACCT": 0.13586229946524064,
      "motif_TGTTT": 0.43691510695187163,
      "n": 11968,
      "novelty_vs_endogenous": 0.0,
      "novelty_vs_pretrained": 1.0,
      "unique": 11968
    },
    "K562": {
      "3mer_jsd_vs_endogenous": 0.0,
      "cell_type": "K562",
      "cpg_mean": 3.3287098930481283,
      "duplicate_rate": 0.0,
      "gc_mean": 0.49564756016042777,
      "gc_sd": 0.06730033440302072,
      "group": "endogenous",
      "motif_CACCTG": 0.06066176470588235,
      "motif_CAGCTG": 0.16009358288770054,
      "motif_GATA": 0.5985127005347594,
      "motif_GGAA": 0.644802807486631,
      "n": 11968,
      "novelty_vs_endogenous": 0.0,
      "novelty_vs_pretrained": 1.0,
      "unique": 11968
    }
  },
  "fine_tuned": {
    "GM12878": {
      "3mer_jsd_vs_endogenous": NaN,
      "cell_type": "GM12878",
      "cpg_mean": NaN,
      "duplicate_rate": NaN,
      "gc_mean": NaN,
      "gc_sd": NaN,
      "group": "fine_tuned",
      "motif_ATGCAA": 0.0,
      "motif_GAAA": 0.0,
      "motif_GGAA": 0.0,
      "motif_TTTGCAT": 0.0,
      "n": 0,
      "novelty_vs_endogenous": NaN,
      "novelty_vs_pretrained": NaN,
      "unique": 0
    },
    "HepG2": {
      "3mer_jsd_vs_endogenous": NaN,
      "cell_type": "HepG2",
      "cpg_mean": NaN,
      "duplicate_rate": NaN,
      "gc_mean": NaN,
      "gc_sd": NaN,
      "group": "fine_tuned",
      "motif_AGGTCA": 0.0,
      "motif_GTTTG": 0.0,
      "motif_TGACCT": 0.0,
      "motif_TGTTT": 0.0,
      "n": 0,
      "novelty_vs_endogenous": NaN,
      "novelty_vs_pretrained": NaN,
      "unique": 0
    },
    "K562": {
      "3mer_jsd_vs_endogenous": NaN,
      "cell_type": "K562",
      "cpg_mean": NaN,
      "duplicate_rate": NaN,
      "gc_mean": NaN,
      "gc_sd": NaN,
      "group": "fine_tuned",
      "motif_CACCTG": 0.0,
      "motif_CAGCTG": 0.0,
      "motif_GATA": 0.0,
      "motif_GGAA": 0.0,
      "n": 0,
      "novelty_vs_endogenous": NaN,
      "novelty_vs_pretrained": NaN,
      "unique": 0
    }
  },
  "pretrained": {
    "GM12878": {
      "3mer_jsd_vs_endogenous": 0.058159528251979405,
      "cell_type": "GM12878",
      "cpg_mean": 2.406,
      "duplicate_rate": 0.0,
      "gc_mean": 0.431935,
      "gc_sd": 0.06268317776724469,
      "group": "pretrained",
      "motif_ATGCAA": 0.096,
      "motif_GAAA": 0.85,
      "motif_GGAA": 0.645,
      "motif_TTTGCAT": 0.054,
      "n": 1000,
      "novelty_vs_endogenous": 1.0,
      "novelty_vs_pretrained": 0.0,
      "unique": 1000
    },
    "HepG2": {
      "3mer_jsd_vs_endogenous": 0.04226403492033551,
      "cell_type": "HepG2",
      "cpg_mean": 2.72,
      "duplicate_rate": 0.0,
      "gc_mean": 0.46425,
      "gc_sd": 0.10099399734637697,
      "group": "pretrained",
      "motif_AGGTCA": 0.182,
      "motif_GTTTG": 0.387,
      "motif_TGACCT": 0.173,
      "motif_TGTTT": 0.533,
      "n": 1000,
      "novelty_vs_endogenous": 1.0,
      "novelty_vs_pretrained": 0.0,
      "unique": 1000
    },
    "K562": {
      "3mer_jsd_vs_endogenous": 0.04942902115767599,
      "cell_type": "K562",
      "cpg_mean": 4.196,
      "duplicate_rate": 0.0,
      "gc_mean": 0.49917500000000004,
      "gc_sd": 0.07152163571255904,
      "group": "pretrained",
      "motif_CACCTG": 0.055,
      "motif_CAGCTG": 0.153,
      "motif_GATA": 0.692,
      "motif_GGAA": 0.612,
      "n": 1000,
      "novelty_vs_endogenous": 1.0,
      "novelty_vs_pretrained": 0.0,
      "unique": 1000
    }
  }
}
